<?xml version="1.0" encoding="utf-8"?>
<odoo>
	<data noupdate="0">

		<record id="module_coa_access" model="ir.module.category">
	        <field name="name">Chart of Accounts</field>
	        <field name="sequence">8</field>
	        <field name="description">It will help you to request Petty Cash</field>
	    </record>

	    <record id="group_coa_user" model="res.groups">
	        <field name="name">COA User</field>
	        <field name="category_id" ref="petty_cash_expense_extension.module_coa_access"/>
	    </record>

	    <record id="group_coa_user_ac_group" model="ir.rule">
			<field name="name">Account Account</field>
			<field name="model_id" ref="model_account_account"/>
			<field name="perm_create" eval="False"/>
			<field name="perm_write" eval="False"/>
			<field name="perm_unlink" eval="False"/>
			<field name="perm_read" eval="True"/>
			<field name="groups" eval="[(4,ref('petty_cash_expense_extension.group_coa_user'))]"/>
		</record>

		<record id="group_coa_admin" model="res.groups">
	        <field name="name">COA Admin</field>
	        <field name="category_id" ref="petty_cash_expense_extension.module_coa_access"/>
			<field name="implied_ids" eval="[(4, ref('petty_cash_expense_extension.group_coa_user'))]"/>
	    </record>

	    <record id="group_coa_admin_group" model="ir.rule">
			<field name="name">Account Account</field>
			<field name="model_id" ref="model_account_account"/>
			<field name="perm_create" eval="True"/>
			<field name="perm_write" eval="True"/>
			<field name="perm_unlink" eval="True"/>
			<field name="perm_read" eval="True"/>
			<field name="groups" eval="[(4,ref('petty_cash_expense_extension.group_coa_admin'))]"/>
		</record>

	</data>
</odoo>