<?xml version="1.0" encoding="utf-8"?>
<odoo>
	<data noupdate="0">

	<!-- <record id="make_invisible" model="res.groups">
		<field name="name">Show My Expense Report Menu</field>
	</record>
	<record model="ir.ui.menu" id="my_expense.menu_hr_expense_sheet_my_reports">
		<field name="groups_id" eval="[(5,ref('make_invisible'))]"/>
	</record> -->

		<record id="module_petty_cash_access" model="ir.module.category">
			<field name="name">Petty Cash</field>
			<field name="sequence">8</field>
			<field name="description">It will help you to request Petty Cash</field>
		</record>

		<record id="group_petty_user" model="res.groups">
			<field name="name">Petty User</field>
			<field name="category_id" ref="petty_cash_expense_extension.module_petty_cash_access"/>
		</record>

		<record id="group_petty_manager" model="res.groups">
			<field name="name">Petty Manager</field>
			<field name="category_id" ref="petty_cash_expense_extension.module_petty_cash_access"/>
		</record>

		<record id="group_petty_finance" model="res.groups">
			<field name="name">Petty Finance</field>
			<field name="category_id" ref="petty_cash_expense_extension.module_petty_cash_access"/>
		</record>

		<record id="group_petty_cashier" model="res.groups">
			<field name="name">Petty Cashier</field>
			<field name="category_id" ref="petty_cash_expense_extension.module_petty_cash_access"/>
		</record>

		<record id="group_petty_gm" model="res.groups">
			<field name="name">Petty GM</field>
			<field name="category_id" ref="petty_cash_expense_extension.module_petty_cash_access"/>
		</record>

		<record id="group_petty_admin" model="res.groups">
			<field name="name">Petty Admin</field>
			<field name="category_id" ref="petty_cash_expense_extension.module_petty_cash_access"/>
		</record>

		<record id="group_users" model="res.groups">
			<field name="name">Request Users</field>
			<field name="category_id" ref="petty_cash_expense_extension.module_petty_cash_access"/>
		</record>

		<!-- Request User Record Rule -->
		<record id="group_users_group" model="ir.rule">
			<field name="name">Petty User</field>
			<field name="model_id" ref="model_petty_cash_expense"/>
			<field name="perm_create" eval="True"/>
			<field name="perm_write" eval="False"/>
			<field name="perm_unlink" eval="False"/>
			<field name="perm_read" eval="True"/>
			<field name="groups" eval="[(4,ref('petty_cash_expense_extension.group_users'))]"/>
		</record>
		<record id="group_users_petty_approve" model="ir.rule">
			<field name="name">Petty Cash Approve</field>
			<field name="model_id" ref="model_petty_cash_approve"/>
			<field name="perm_create" eval="True"/>
			<field name="perm_write" eval="True"/>
			<field name="perm_unlink" eval="False"/>
			<field name="perm_read" eval="True"/>
			<field name="groups" eval="[(4,ref('petty_cash_expense_extension.group_users'))]"/>
		</record>
		<record id="group_users_expense_prepaid" model="ir.rule">
			<field name="name">Expense Prepaid</field>
			<field name="model_id" ref="model_expense_prepaid"/>
			<field name="perm_create" eval="True"/>
			<field name="perm_write" eval="True"/>
			<field name="perm_unlink" eval="False"/>
			<field name="perm_read" eval="True"/>
			<field name="groups" eval="[(4,ref('petty_cash_expense_extension.group_users'))]"/>
		</record>
		<record id="group_users_petty_approve" model="ir.rule">
			<field name="name">Expense Prepaid Line</field>
			<field name="model_id" ref="model_expense_prepaid_line"/>
			<field name="perm_create" eval="True"/>
			<field name="perm_write" eval="True"/>
			<field name="perm_unlink" eval="False"/>
			<field name="perm_read" eval="True"/>
			<field name="groups" eval="[(4,ref('petty_cash_expense_extension.group_users'))]"/>
		</record>
		<record id="group_users_advance_claim" model="ir.rule">
			<field name="name">Advance Claim</field>
			<field name="model_id" ref="model_advance_claim"/>
			<field name="perm_create" eval="True"/>
			<field name="perm_write" eval="True"/>
			<field name="perm_unlink" eval="False"/>
			<field name="perm_read" eval="True"/>
			<field name="groups" eval="[(4,ref('petty_cash_expense_extension.group_users'))]"/>
		</record>
		<record id="group_users_advance_claim_line" model="ir.rule">
			<field name="name">Advance Claim Line</field>
			<field name="model_id" ref="model_advance_claim_line"/>
			<field name="perm_create" eval="True"/>
			<field name="perm_write" eval="True"/>
			<field name="perm_unlink" eval="False"/>
			<field name="perm_read" eval="True"/>
			<field name="groups" eval="[(4,ref('petty_cash_expense_extension.group_users'))]"/>
		</record>
		<!-- End Request User -->

		<!-- Petty User Record Rule -->
		<record id="group_petty_user_group" model="ir.rule">
			<field name="name">Petty User</field>
			<field name="model_id" ref="model_petty_cash_expense"/>
			<field name="perm_create" eval="True"/>
			<field name="perm_write" eval="False"/>
			<field name="perm_unlink" eval="False"/>
			<field name="perm_read" eval="True"/>
			<field name="groups" eval="[(4,ref('petty_cash_expense_extension.group_petty_user'))]"/>
		</record>
		<record id="group_petty_user_petty_approve" model="ir.rule">
			<field name="name">Petty Cash Approve</field>
			<field name="model_id" ref="model_petty_cash_approve"/>
			<field name="perm_create" eval="True"/>
			<field name="perm_write" eval="True"/>
			<field name="perm_unlink" eval="False"/>
			<field name="perm_read" eval="True"/>
			<field name="groups" eval="[(4,ref('petty_cash_expense_extension.group_petty_user'))]"/>
		</record>
		<record id="group_petty_user_expense_prepaid" model="ir.rule">
			<field name="name">Expense Prepaid</field>
			<field name="model_id" ref="model_expense_prepaid"/>
			<field name="perm_create" eval="True"/>
			<field name="perm_write" eval="True"/>
			<field name="perm_unlink" eval="False"/>
			<field name="perm_read" eval="True"/>
			<field name="groups" eval="[(4,ref('petty_cash_expense_extension.group_petty_user'))]"/>
		</record>
		<record id="group_petty_user_petty_approve" model="ir.rule">
			<field name="name">Expense Prepaid Line</field>
			<field name="model_id" ref="model_expense_prepaid_line"/>
			<field name="perm_create" eval="True"/>
			<field name="perm_write" eval="True"/>
			<field name="perm_unlink" eval="False"/>
			<field name="perm_read" eval="True"/>
			<field name="groups" eval="[(4,ref('petty_cash_expense_extension.group_petty_user'))]"/>
		</record>
		<record id="group_petty_users_advance_claim" model="ir.rule">
			<field name="name">Advance Claim</field>
			<field name="model_id" ref="model_advance_claim"/>
			<field name="perm_create" eval="True"/>
			<field name="perm_write" eval="True"/>
			<field name="perm_unlink" eval="False"/>
			<field name="perm_read" eval="True"/>
			<field name="groups" eval="[(4,ref('petty_cash_expense_extension.group_petty_user'))]"/>
		</record>
		<record id="group_petty_users_advance_claim_line" model="ir.rule">
			<field name="name">Advance Claim Line</field>
			<field name="model_id" ref="model_advance_claim_line"/>
			<field name="perm_create" eval="True"/>
			<field name="perm_write" eval="True"/>
			<field name="perm_unlink" eval="False"/>
			<field name="perm_read" eval="True"/>
			<field name="groups" eval="[(4,ref('petty_cash_expense_extension.group_petty_user'))]"/>
		</record>
		<!-- End Petty User -->

		<!-- Petty manager -->
		<record id="group_petty_manager_group" model="ir.rule">
			<field name="name">Petty Manager</field>
			<field name="model_id" ref="model_petty_cash_expense"/>
			<!-- <field name="domain_force">[('employee_id.user_id','=',user.id)]</field> -->
			<field name="perm_create" eval="True"/>
			<field name="perm_write" eval="True"/>
			<field name="perm_unlink" eval="False"/>
			<field name="perm_read" eval="True"/>
			<field name="groups" eval="[(4,ref('petty_cash_expense_extension.group_petty_manager'))]"/>
		</record>

		<record id="group_petty_manager_petty_approve" model="ir.rule">
			<field name="name">Petty Cash Approve</field>
			<field name="model_id" ref="model_petty_cash_approve"/>
			<field name="perm_create" eval="True"/>
			<field name="perm_write" eval="True"/>
			<field name="perm_unlink" eval="False"/>
			<field name="perm_read" eval="True"/>
			<field name="groups" eval="[(4,ref('petty_cash_expense_extension.group_petty_manager'))]"/>
		</record>
		<record id="group_petty_manager_expense_prepaid" model="ir.rule">
			<field name="name">Expense Prepaid</field>
			<field name="model_id" ref="model_expense_prepaid"/>
			<field name="perm_create" eval="True"/>
			<field name="perm_write" eval="True"/>
			<field name="perm_unlink" eval="False"/>
			<field name="perm_read" eval="True"/>
			<field name="groups" eval="[(4,ref('petty_cash_expense_extension.group_petty_manager'))]"/>
		</record>
		<record id="group_petty_manager_petty_approve" model="ir.rule">
			<field name="name">Expense Prepaid Line</field>
			<field name="model_id" ref="model_expense_prepaid_line"/>
			<field name="perm_create" eval="True"/>
			<field name="perm_write" eval="True"/>
			<field name="perm_unlink" eval="False"/>
			<field name="perm_read" eval="True"/>
			<field name="groups" eval="[(4,ref('petty_cash_expense_extension.group_petty_manager'))]"/>
		</record>
		<record id="group_petty_manager_advance_claim" model="ir.rule">
			<field name="name">Advance Claim</field>
			<field name="model_id" ref="model_advance_claim"/>
			<field name="perm_create" eval="True"/>
			<field name="perm_write" eval="True"/>
			<field name="perm_unlink" eval="False"/>
			<field name="perm_read" eval="True"/>
			<field name="groups" eval="[(4,ref('petty_cash_expense_extension.group_petty_manager'))]"/>
		</record>
		<record id="group_petty_manager_advance_claim_line" model="ir.rule">
			<field name="name">Advance Claim Line</field>
			<field name="model_id" ref="model_advance_claim_line"/>
			<field name="perm_create" eval="True"/>
			<field name="perm_write" eval="True"/>
			<field name="perm_unlink" eval="False"/>
			<field name="perm_read" eval="True"/>
			<field name="groups" eval="[(4,ref('petty_cash_expense_extension.group_petty_manager'))]"/>
		</record>
		<!-- End Petty manager -->

		<!-- Petty finance -->
		<record id="group_petty_finance_group" model="ir.rule">
			<field name="name">Petty Finance</field>
			<field name="model_id" ref="model_petty_cash_expense"/>
			<!-- <field name="domain_force">[('employee_id.user_id','=',user.id)]</field> -->
			<field name="perm_create" eval="True"/>
			<field name="perm_write" eval="True"/>
			<field name="perm_unlink" eval="False"/>
			<field name="perm_read" eval="True"/>
			<field name="groups" eval="[(4,ref('petty_cash_expense_extension.group_petty_finance'))]"/>
		</record>

		<record id="group_petty_finance_petty_approve" model="ir.rule">
			<field name="name">Petty Cash Approve</field>
			<field name="model_id" ref="model_petty_cash_approve"/>
			<field name="perm_create" eval="True"/>
			<field name="perm_write" eval="True"/>
			<field name="perm_unlink" eval="False"/>
			<field name="perm_read" eval="True"/>
			<field name="groups" eval="[(4,ref('petty_cash_expense_extension.group_petty_finance'))]"/>
		</record>
		<record id="group_petty_finance_expense_prepaid" model="ir.rule">
			<field name="name">Expense Prepaid</field>
			<field name="model_id" ref="model_expense_prepaid"/>
			<field name="perm_create" eval="True"/>
			<field name="perm_write" eval="True"/>
			<field name="perm_unlink" eval="False"/>
			<field name="perm_read" eval="True"/>
			<field name="groups" eval="[(4,ref('petty_cash_expense_extension.group_petty_finance'))]"/>
		</record>
		<record id="group_petty_finance_petty_approve" model="ir.rule">
			<field name="name">Expense Prepaid Line</field>
			<field name="model_id" ref="model_expense_prepaid_line"/>
			<field name="perm_create" eval="True"/>
			<field name="perm_write" eval="True"/>
			<field name="perm_unlink" eval="False"/>
			<field name="perm_read" eval="True"/>
			<field name="groups" eval="[(4,ref('petty_cash_expense_extension.group_petty_finance'))]"/>
		</record>
		<record id="group_petty_finance_advance_claim" model="ir.rule">
			<field name="name">Advance Claim</field>
			<field name="model_id" ref="model_advance_claim"/>
			<field name="perm_create" eval="True"/>
			<field name="perm_write" eval="True"/>
			<field name="perm_unlink" eval="False"/>
			<field name="perm_read" eval="True"/>
			<field name="groups" eval="[(4,ref('petty_cash_expense_extension.group_petty_finance'))]"/>
		</record>
		<record id="group_petty_finance_advance_claim_line" model="ir.rule">
			<field name="name">Advance Claim Line</field>
			<field name="model_id" ref="model_advance_claim_line"/>
			<field name="perm_create" eval="True"/>
			<field name="perm_write" eval="True"/>
			<field name="perm_unlink" eval="False"/>
			<field name="perm_read" eval="True"/>
			<field name="groups" eval="[(4,ref('petty_cash_expense_extension.group_petty_finance'))]"/>
		</record>
		<!-- End Petty finance -->

		<!-- Petty Cashier Start -->
		<record id="group_petty_cashier_group" model="ir.rule">
			<field name="name">Petty Cashier</field>
			<field name="model_id" ref="model_petty_cash_expense"/>
			<!-- <field name="domain_force">[('employee_id.user_id','=',user.id)]</field> -->
			<field name="perm_create" eval="True"/>
			<field name="perm_write" eval="True"/>
			<field name="perm_unlink" eval="False"/>
			<field name="perm_read" eval="True"/>
			<field name="groups" eval="[(4,ref('petty_cash_expense_extension.group_petty_cashier'))]"/>
		</record>
		<record id="group_petty_cashier_petty_approve" model="ir.rule">
			<field name="name">Petty Cash Approve</field>
			<field name="model_id" ref="model_petty_cash_approve"/>
			<field name="perm_create" eval="True"/>
			<field name="perm_write" eval="True"/>
			<field name="perm_unlink" eval="False"/>
			<field name="perm_read" eval="True"/>
			<field name="groups" eval="[(4,ref('petty_cash_expense_extension.group_petty_cashier'))]"/>
		</record>
		<record id="group_petty_cashier_expense_prepaid" model="ir.rule">
			<field name="name">Expense Prepaid</field>
			<field name="model_id" ref="model_expense_prepaid"/>
			<field name="perm_create" eval="True"/>
			<field name="perm_write" eval="True"/>
			<field name="perm_unlink" eval="False"/>
			<field name="perm_read" eval="True"/>
			<field name="groups" eval="[(4,ref('petty_cash_expense_extension.group_petty_cashier'))]"/>
		</record>
		<record id="group_petty_cashier_petty_approve" model="ir.rule">
			<field name="name">Expense Prepaid Line</field>
			<field name="model_id" ref="model_expense_prepaid_line"/>
			<field name="perm_create" eval="True"/>
			<field name="perm_write" eval="True"/>
			<field name="perm_unlink" eval="False"/>
			<field name="perm_read" eval="True"/>
			<field name="groups" eval="[(4,ref('petty_cash_expense_extension.group_petty_cashier'))]"/>
		</record>
		<record id="group_petty_cashier_advance_claim" model="ir.rule">
			<field name="name">Advance Claim</field>
			<field name="model_id" ref="model_advance_claim"/>
			<field name="perm_create" eval="True"/>
			<field name="perm_write" eval="True"/>
			<field name="perm_unlink" eval="False"/>
			<field name="perm_read" eval="True"/>
			<field name="groups" eval="[(4,ref('petty_cash_expense_extension.group_petty_cashier'))]"/>
		</record>
		<record id="group_petty_cashier_advance_claim_line" model="ir.rule">
			<field name="name">Advance Claim Line</field>
			<field name="model_id" ref="model_advance_claim_line"/>
			<field name="perm_create" eval="True"/>
			<field name="perm_write" eval="True"/>
			<field name="perm_unlink" eval="False"/>
			<field name="perm_read" eval="True"/>
			<field name="groups" eval="[(4,ref('petty_cash_expense_extension.group_petty_cashier'))]"/>
		</record>
		<!-- End Petty Cashier -->

		<!-- Petty GM Start -->
		<record id="group_petty_gm_group" model="ir.rule">
			<field name="name">Petty GM</field>
			<field name="model_id" ref="model_petty_cash_expense"/>
			<!-- <field name="domain_force">[('employee_id.user_id','=',user.id)]</field> -->
			<field name="perm_create" eval="True"/>
			<field name="perm_write" eval="True"/>
			<field name="perm_unlink" eval="False"/>
			<field name="perm_read" eval="True"/>
			<field name="groups" eval="[(4,ref('petty_cash_expense_extension.group_petty_gm'))]"/>
		</record>
		<record id="group_petty_gm_petty_approve" model="ir.rule">
			<field name="name">Petty Cash Approve</field>
			<field name="model_id" ref="model_petty_cash_approve"/>
			<field name="perm_create" eval="True"/>
			<field name="perm_write" eval="True"/>
			<field name="perm_unlink" eval="False"/>
			<field name="perm_read" eval="True"/>
			<field name="groups" eval="[(4,ref('petty_cash_expense_extension.group_petty_gm'))]"/>
		</record>
		<record id="group_petty_gm_expense_prepaid" model="ir.rule">
			<field name="name">Expense Prepaid</field>
			<field name="model_id" ref="model_expense_prepaid"/>
			<field name="perm_create" eval="True"/>
			<field name="perm_write" eval="True"/>
			<field name="perm_unlink" eval="False"/>
			<field name="perm_read" eval="True"/>
			<field name="groups" eval="[(4,ref('petty_cash_expense_extension.group_petty_gm'))]"/>
		</record>
		<record id="group_petty_gm_petty_approve" model="ir.rule">
			<field name="name">Expense Prepaid Line</field>
			<field name="model_id" ref="model_expense_prepaid_line"/>
			<field name="perm_create" eval="True"/>
			<field name="perm_write" eval="True"/>
			<field name="perm_unlink" eval="False"/>
			<field name="perm_read" eval="True"/>
			<field name="groups" eval="[(4,ref('petty_cash_expense_extension.group_petty_gm'))]"/>
		</record>
		<record id="group_petty_gm_advance_claim" model="ir.rule">
			<field name="name">Advance Claim</field>
			<field name="model_id" ref="model_advance_claim"/>
			<field name="perm_create" eval="True"/>
			<field name="perm_write" eval="True"/>
			<field name="perm_unlink" eval="False"/>
			<field name="perm_read" eval="True"/>
			<field name="groups" eval="[(4,ref('petty_cash_expense_extension.group_petty_gm'))]"/>
		</record>
		<record id="group_petty_gm_advance_claim_line" model="ir.rule">
			<field name="name">Advance Claim Line</field>
			<field name="model_id" ref="model_advance_claim_line"/>
			<field name="perm_create" eval="True"/>
			<field name="perm_write" eval="True"/>
			<field name="perm_unlink" eval="False"/>
			<field name="perm_read" eval="True"/>
			<field name="groups" eval="[(4,ref('petty_cash_expense_extension.group_petty_gm'))]"/>
		</record>
		<!-- End Petty GM -->

		<!-- Petty Admin Start -->
		<record id="group_petty_admin_group" model="ir.rule">
			<field name="name">Petty Admin</field>
			<field name="model_id" ref="model_petty_cash_expense"/>
			<!-- <field name="domain_force">[('employee_id.user_id','=',user.id)]</field> -->
			<field name="perm_create" eval="True"/>
			<field name="perm_write" eval="True"/>
			<field name="perm_unlink" eval="True"/>
			<field name="perm_read" eval="True"/>
			<field name="groups" eval="[(4,ref('petty_cash_expense_extension.group_petty_admin'))]"/>
		</record>
		<record id="group_petty_admin_petty_approve" model="ir.rule">
			<field name="name">Petty Cash Approve</field>
			<field name="model_id" ref="model_petty_cash_approve"/>
			<field name="perm_create" eval="True"/>
			<field name="perm_write" eval="True"/>
			<field name="perm_unlink" eval="True"/>
			<field name="perm_read" eval="True"/>
			<field name="groups" eval="[(4,ref('petty_cash_expense_extension.group_petty_admin'))]"/>
		</record>
		<record id="group_petty_admin_expense_prepaid" model="ir.rule">
			<field name="name">Expense Prepaid</field>
			<field name="model_id" ref="model_expense_prepaid"/>
			<field name="perm_create" eval="True"/>
			<field name="perm_write" eval="True"/>
			<field name="perm_unlink" eval="True"/>
			<field name="perm_read" eval="True"/>
			<field name="groups" eval="[(4,ref('petty_cash_expense_extension.group_petty_admin'))]"/>
		</record>
		<record id="group_petty_admin_petty_approve" model="ir.rule">
			<field name="name">Expense Prepaid Line</field>
			<field name="model_id" ref="model_expense_prepaid_line"/>
			<field name="perm_create" eval="True"/>
			<field name="perm_write" eval="True"/>
			<field name="perm_unlink" eval="True"/>
			<field name="perm_read" eval="True"/>
			<field name="groups" eval="[(4,ref('petty_cash_expense_extension.group_petty_admin'))]"/>
		</record>
		<record id="group_petty_admin_advance_claim" model="ir.rule">
			<field name="name">Advance Claim</field>
			<field name="model_id" ref="model_advance_claim"/>
			<field name="perm_create" eval="True"/>
			<field name="perm_write" eval="True"/>
			<field name="perm_unlink" eval="False"/>
			<field name="perm_read" eval="True"/>
			<field name="groups" eval="[(4,ref('petty_cash_expense_extension.group_petty_admin'))]"/>
		</record>
		<record id="group_petty_admin_advance_claim_line" model="ir.rule">
			<field name="name">Advance Claim Line</field>
			<field name="model_id" ref="model_advance_claim_line"/>
			<field name="perm_create" eval="True"/>
			<field name="perm_write" eval="True"/>
			<field name="perm_unlink" eval="False"/>
			<field name="perm_read" eval="True"/>
			<field name="groups" eval="[(4,ref('petty_cash_expense_extension.group_petty_admin'))]"/>
		</record>
			<!-- END Petty Admin -->

		<!-- <record id="group_petty_approver_group" model="ir.rule">
			<field name="name">Petty Approver</field>
			<field name="model_id" ref="model_petty_cash_expense"/>
			<field name="domain_force">[('state','in',('request','validate','refuse'))]</field>
			<field name="perm_create" eval="False"/>
			<field name="perm_write" eval="False"/>
			<field name="perm_unlink" eval="False"/>
			<field name="perm_read" eval="True"/>
			<field name="groups" eval="[(4,ref('group_petty_approver'))]"/>
		</record> -->

		<!-- Internal User Record Rule -->
		<record id="group_user_petty" model="ir.rule">
			<field name="name">Petty Cash</field>
			<field name="model_id" ref="model_petty_cash_expense"/>
			<field name="perm_create" eval="True"/>
			<field name="perm_write" eval="True"/>
			<field name="perm_unlink" eval="False"/>
			<field name="perm_read" eval="True"/>
			<field name="groups" eval="[(4,ref('base.group_user'))]"/>
		</record>
		<record id="group_user_petty_approve" model="ir.rule">
			<field name="name">Petty Cash Approve</field>
			<field name="model_id" ref="model_petty_cash_approve"/>
			<field name="perm_create" eval="True"/>
			<field name="perm_write" eval="True"/>
			<field name="perm_unlink" eval="False"/>
			<field name="perm_read" eval="True"/>
			<field name="groups" eval="[(4,ref('base.group_user'))]"/>
		</record>
		<record id="group_user_expense_prepaid" model="ir.rule">
			<field name="name">Expense Prepaid</field>
			<field name="model_id" ref="model_expense_prepaid"/>
			<field name="perm_create" eval="True"/>
			<field name="perm_write" eval="True"/>
			<field name="perm_unlink" eval="False"/>
			<field name="perm_read" eval="True"/>
			<field name="groups" eval="[(4,ref('base.group_user'))]"/>
		</record>
		<record id="group_user_petty_approve" model="ir.rule">
			<field name="name">Expense Prepaid Line</field>
			<field name="model_id" ref="model_expense_prepaid_line"/>
			<field name="perm_create" eval="True"/>
			<field name="perm_write" eval="True"/>
			<field name="perm_unlink" eval="False"/>
			<field name="perm_read" eval="True"/>
			<field name="groups" eval="[(4,ref('base.group_user'))]"/>
		</record>
		<record id="group_user_advance_claim" model="ir.rule">
			<field name="name">Advance Claim</field>
			<field name="model_id" ref="model_advance_claim"/>
			<field name="perm_create" eval="True"/>
			<field name="perm_write" eval="True"/>
			<field name="perm_unlink" eval="False"/>
			<field name="perm_read" eval="True"/>
			<field name="groups" eval="[(4,ref('base.group_user'))]"/>
		</record>
		<record id="group_user_advance_claim_line" model="ir.rule">
			<field name="name">Advance Claim Line</field>
			<field name="model_id" ref="model_advance_claim_line"/>
			<field name="perm_create" eval="True"/>
			<field name="perm_write" eval="True"/>
			<field name="perm_unlink" eval="False"/>
			<field name="perm_read" eval="True"/>
			<field name="groups" eval="[(4,ref('base.group_user'))]"/>
		</record>
		<!-- End Internal User -->

	</data>

</odoo>